nama_penyakit,total_tagihan,total_klaim,total_margin
Pneumonia due to other aerobic Gram-negative bacteria,26261960,53404600,-27142640
"Unspecified diabetes mellitus, with ketoacidosis",6276076,23255400,-16979324
AGRANULOCYTOSIS,6433598,23255400,-16821802
Personal history of long-term (current) use of other medicaments,6433598,23255400,-16821802
Maternal distress during labour and delivery,0,16000400,-16000400
"Gender identity disorder, unspecified",0,11962800,-11962800
Systemic bartonellosis,12845772,23255400,-10409628
Open wound of ankle and foot,5338408,14991100,-9652692
"Respiratory failure, not elsewhere classified",9208283,18575100,-9366817
"Multiple fractures of metacarpal bones, closed",0,9313000,-9313000
NYSTAGMUS &amp; OTHER IRREGULAR E.,0,9277500,-9277500
Injury of small intestine,5279537,13280400,-8000863
Other bursal cyst,4785714,11915000,-7129286
"Fracture of navicular [scaphoid] bone of hand , closed",0,7002300,-7002300
"Supervision of high-risk pregnancy, unspecified",0,6446600,-6446600
"Rupture of bladder, nontraumatic",6504425,12911000,-6406575
Volvulus,0,6274500,-6274500
Embolism and thrombosis of arteries of upper extremities,0,6146000,-6146000
Injury of muscle and tendon at wrist and hand level,5874630,11999900,-6125270
Atrophy of salivary gland,0,5874000,-5874000
External haemorrhoids without complication,0,5752700,-5752700
Other pneumothorax,0,5752100,-5752100
"Labour and delivery complicated by cord complication, unspecified",0,5533600,-5533600
Neoplasm of uncertain or unknown behaviour of other respiratory organs,0,5331100,-5331100
MALNUTRITION IN PREGNANCY,0,5238800,-5238800
Maternal care for other abnormalities of pelvic organs,0,5238800,-5238800
Congenital cyanotic heart disease,0,5078100,-5078100
Maternal care for disproportion of mixed maternal and fetal origin,0,4996200,-4996200
"Unilateral or unspecified inguinal hernia, with obstruction, without gangrene, not specified as recurrent",0,4910800,-4910800
Burn of third degree of head and neck,0,4817700,-4817700
Cerebellar stroke syndrome (I60-I67+),0,4742600,-4742600
Surgical operation with implant of artificial internal device,0,4721000,-4721000
Other specified disorders of iris and ciliary body,0,4583900,-4583900
"Ganglion, hand",0,4580200,-4580200
Other specified protozoal intestinal diseases,0,4543100,-4543100
"Unspecified nephritic syndrome, other",0,4512500,-4512500
"Interstitial pulmonary disease, unspecified",0,4183700,-4183700
"Other intracranial injuries, without open intracranial wound",0,4125500,-4125500
Monoplegia of lower limb,0,4036200,-4036200
Spastic tetraplegia,0,4036200,-4036200
Malignant neoplasm of superior wall of nasopharynx,0,4008400,-4008400
"Fracture of lower leg, part unspecified, closed",7977801,11915000,-3937199
Noninfective neonatal diarrhoea,0,3606600,-3606600
Vomiting in newborn,0,3606600,-3606600
"Sciatica, site unspecified",0,3382200,-3382200
OTHER &amp; UNSPEC.INFECTIOUS DIS.,0,3381400,-3381400
"Juvenile arthritis with systemic onset, site unspecified",0,3315200,-3315200
"Pneumonia due to streptococcus, group B",3188319,6420500,-3232181
Congenital cerebral cysts,2484562,5582900,-3098338
Vascular dementia,1735391,4780900,-3045509
Phosphorus and its compounds,4375634,7393500,-3017866
Lack of adequate food,0,3017700,-3017700
Hyperchylomicronaemia,6317684,9313000,-2995316
Other hypothyroidism,0,2977000,-2977000
Other specified diabetes mellitus with hypoglycaemia,3328186,6262900,-2934714
"Disease of upper respiratory tract, unspecified",0,2885400,-2885400
"Fracture of lower end of humerus, open",0,2885400,-2885400
Anencephaly,2537089,5410300,-2873211
Open wound of ankle,0,2863100,-2863100
"Fracture of shoulder girdle, part unspecified",5151294,8002100,-2850806
"Unspecified diabetes mellitus, with coma",2212776,5046400,-2833624
Other congenital malformations of male genital organs,7022535,9841600,-2819065
Malignant neoplasm of other connective and soft tissue,0,2733800,-2733800
Haemorrhage in early pregnancy,0,2574600,-2574600
Supervision of pregnancy with history of insufficient antenatal care,0,2532600,-2532600
"Condition of integument specific to fetus and newborn, unspecified",3982912,6491800,-2508888
Toxic effect of contact with unspecified venomous animal,0,2457600,-2457600
Other diseases of anus and rectum,0,2404900,-2404900
Unspecified adverse effect of drug or medicament,3644115,6027100,-2382985
"Other bacterial foodborne intoxications, not elsewhere classified",0,2269000,-2269000
Other bacterial infections of unspecified site,0,2269000,-2269000
"Other specified diabetes mellitus, without complications",0,2269000,-2269000
"Fracture of calcaneus, open",0,2259100,-2259100
"Gout, unspecified, site unspecified",0,2244200,-2244200
Third degree perineal laceration during delivery,0,2185700,-2185700
Other specified disorders of bone density and structure,0,2097400,-2097400
Other difficulties with micturition,0,1939100,-1939100
Acute periodontitis,1495913,3414900,-1918987
"Pregnancy-related condition, unspecified",0,1904900,-1904900
Accidental poisoning by and exposure to other and unspecified chemicals and noxious substances,1191642,2960600,-1768958
"Schizoaffective disorder, depressive type",2799069,4542000,-1742931
Contusion of external genital organs,1579911,3250400,-1670489
Injury of bladder,1579911,3250400,-1670489
Sacral spina bifida without hydrocephalus,1637419,3209500,-1572081
Lumbar spina bifida without hydrocephalus,1651740,3209500,-1557760
"Benign neoplasm of respiratory system, unspecified",5036550,6486300,-1449750
Open wound of scalp,6332878,7600700,-1267822
Candidiasis of other sites,6262099,7519700,-1257601
Extravasation of urine,6262099,7519700,-1257601
Sequelae of cerebrovascular disease,2355167,3545300,-1190133
"Epilepsy, unspecified, with intractable epilepsy",1586011,2738300,-1152289
Viral pharyngoconjunctivitis,2971234,4103800,-1132566
"Gastric ulcer, chronic or unspecified with both haemorrhage and perforation",8360290,9427500,-1067210
"Nutritional deficiency, unspecified",2803907,3862900,-1058993
Cold injury syndrome,3261523,4305800,-1044277
"Fracture of great toe, closed",6027565,7002300,-974735
"Disorders of teeth and supporting structures, unspecified",8372261,9313000,-940739
Abrasion of unspecified body region,5940479,6826500,-886021
"Multiple fractures of foot, open",5940479,6826500,-886021
Personal history of certain other diseases,1886558,2738300,-851742
"Malignant neoplasm of heart, mediastinum and pleura",3371623,4207300,-835677
Benign neoplasm of bone and articular cartilage,1172734,1939100,-766366
Genetic anomalies of leukocytes,1523539,2269000,-745461
Other superficial injuries of shoulder and upper arm,2148804,2885400,-736596
PRE-EXISTING HYPERTENSIVE  DIS,1469633,2169500,-699867
Otitis media in other diseases classified elsewhere,1287360,1980300,-692940
Gonococcal peritonitis (A54.8+),3456698,4104300,-647602
Influenza due to identified avian infliuenza virus,1661112,2269000,-607888
"Cholera, unspecified",1685568,2269000,-583432
Nontoxic multinodular goitre,0,578700,-578700
Secondary dysmenorrhoea,0,578700,-578700
"Gout, unspecified, multiple sites",2382282,2885400,-503118
Neonatal coma,2259966,2745700,-485734
Other low birth weight 1000 - 1249g,2259966,2745700,-485734
Pre-excitation syndrome,0,446400,-446400
"Fracture of shaft of radius, open",0,420300,-420300
ACUTE POSTHAEMORRHAGIC ANAEMIA,2045026,2404900,-359874
Acute lymphadenitis of trunk,237147,578700,-341553
Postmenopausal atrophic vaginitis,240984,578700,-337716
Other female pelvic inflammatory diseases,247481,578700,-331219
"Special examination, unspecified",253000,578700,-325700
Dyslexia and alexia,0,322400,-322400
Acute gastroenteropathy due to Norwalk agent,1589090,1904900,-315810
Chronic anal fissure,5474994,5752700,-277706
Benign neoplasm of aortic body and other paraganglia,310000,578700,-268700
"Indeterminate sex, unspecified",345000,578700,-233700
Nonspecific urethritis,373686,578700,-205014
GRANULOMA INGUINALE,0,198700,-198700
Sprain and strain of lateral collateral ligament,0,198700,-198700
Sprain and strain of ulna collateral ligament,0,198700,-198700
Achondrogenesis,0,196100,-196100
"Cervicocranial syndrome, occipito-atlanto-axial region",0,196100,-196100
"Chronic instability, medial collateral ligament or other and unspecified medial meniscus",0,196100,-196100
"Chronic instability, posterior cruciate ligament or posterior horn of medial meniscus",0,196100,-196100
"Coagulation defect, unspecified",0,196100,-196100
Derangement of other and unspecified lateral meniscus due to old tear or injury,0,196100,-196100
Dislocation of midtarsal (joint),0,196100,-196100
"Disorder of brain, unspecified",0,196100,-196100
Drug-induced tics and other tics of organic origin,0,196100,-196100
"Eccrine sweat disorder, unspecified",0,196100,-196100
Examination for period of rapid growth in childhood,0,196100,-196100
"Fracture of malar and maxillary bones, closed",0,196100,-196100
"Gastroduodenitis, unspecified",0,196100,-196100
"Juvenile osteochondrosis of tibia and fibula, shoulder region",0,196100,-196100
Malignant neoplasm of ileum,0,196100,-196100
"Malignant neoplasm of ribs, sternum and clavicle",0,196100,-196100
Monoplegia of upper limb,0,196100,-196100
Mumps with other complications,0,196100,-196100
Muscular dystrophy,0,196100,-196100
Organic mood [affective] disorders,0,196100,-196100
Other specific personality disorders,0,196100,-196100
Other specified disorders of brain in diseases classified elsewhere,0,196100,-196100
Other symptoms and signs involving emotional state,0,196100,-196100
"Pain in a joint, pelvic region and thigh",0,196100,-196100
Perifolliculitis capitis abscedens,0,196100,-196100
Pulmonary valve atresia,0,196100,-196100
Retinoschisis and retinal cysts,0,196100,-196100
"Rheumatoid bursitis, multiple sites",0,196100,-196100
Seborrhoea capitis,0,196100,-196100
Seborrhoeic dermatitis,0,196100,-196100
Secondary malignant neoplasm of bone and bone marrow,0,196100,-196100
"Spondylolisthesis, multiple sites in spine",0,196100,-196100
Sprain and strain of medial collateral ligament,0,196100,-196100
Sprain and strain of other specified sites of hip,0,196100,-196100
Traumatic arthropathy,0,196100,-196100
Vesical tenesmus,0,196100,-196100
"Type 2 diabetes mellitus with ketoacidosis, without coma",4038582,4207300,-168718
Fitting and adjustment of other external prosthetic devices,417973,578700,-160727
Heat syncope,0,159500,-159500
Candidiasis,2128595,2269000,-140405
"Singleton, born outside hospital",175000,308900,-133900
"Congenital deformity of feet, unspecified",175000,301800,-126800
Wheezing,215073,338300,-123227
Long labour,5988928,6103200,-114272
Viral and other specified intestinal infections,2161762,2259100,-97338
"Pre-existing essential hypertension complicating pregnancy, childbirth and the puerperium",230000,323800,-93800
Melanocytic naevi,105000,196100,-91100
Acquired haemolytic anaemia,110000,196100,-86100
Breast engorgement of newborn,110000,196100,-86100
"Congenital malformation of peripheral vascular system, unspecified",110000,196100,-86100
Dilated cardiomyopathy,110000,196100,-86100
Double outlet right ventricle,110000,196100,-86100
"Irritant contact dermatitis, unspecified cause",110000,196100,-86100
Malignant neoplasm of connective and soft tissue of thorax,110000,196100,-86100
Moderate cervical dysplasia,110000,196100,-86100
Neonatal infective mastitis,110000,196100,-86100
Neonatal jaundice from breast milk inhibitor,110000,196100,-86100
Neoplasm of uncertain or unknown behaviour of larynx,110000,196100,-86100
Other amnesia,110000,196100,-86100
Other and unspecified lesions of oral mucosa,110000,196100,-86100
Other metabolic disorders,110000,196100,-86100
Other shoulder lesions,110000,196100,-86100
Person consulting for explanation of investigation findings,110000,196100,-86100
"Primary respiratory tuberculosis, confirmed bacteriologically and histologically",110000,196100,-86100
Solitary plasmacytoma,110000,196100,-86100
"Special screening examination for neoplasm, unspecified",110000,196100,-86100
Other pulmonary aspergillosis,111430,196100,-84670
Congenital absence and aplasia of penis,115000,196100,-81100
"Congenital malformation of male genital organ, unspecified",115000,196100,-81100
Congenital non-neoplastic naevus,115000,196100,-81100
Malignant neoplasm of bones of skull and face,115000,196100,-81100
Malignant neoplasm of testis,115000,196100,-81100
Other congenital malformations of testis and scrotum,115000,196100,-81100
"Twin, born in hospital",118454,196100,-77646
Infantile hemiplegia,119729,196100,-76371
Other abscess of pharynx,120170,196100,-75930
"Care involving use of rehabilitation procedure, unspecified",95000,169100,-74100
"Myoneural disorder, unspecified",95000,169100,-74100
Dermatitis due to ingested food,123428,196100,-72672
"Staphylococcal infection, unspecified",128870,196100,-67230
"Developmental disorder of scholastic skills, unspecified",129130,196100,-66970
"Noninfective disorder of lymphatic vessels and lymph nodes, unspecified",130259,196100,-65841
Other vitamin deficiencies,132524,196100,-63576
"Birth injury to scalp, unspecified",134181,196100,-61919
Bronchopulmonary dysplasia originating in the perinatal period,134181,196100,-61919
Osteitis condensans,134181,196100,-61919
Chronic sinusitis,5458284,5519900,-61616
NUTRITIONAL AND METABOLIC DIS.,137315,196100,-58785
"Mental and behavioural disorders due to use of alcohol, acute intoxication",211805,269100,-57295
Other congenital functional disorders of colon,141280,196100,-54820
"Viral intestinal infection, unspecified",143900,196100,-52200
Autoimmune polyglandular failure,145508,196100,-50592
Other contraceptive management,145566,196100,-50534
"Disorder of central nervous system, unspecified",145595,196100,-50505
Clubbing of fingers,146173,196100,-49927
Constitutional tall stature,146251,196100,-49849
Other specified disorders of ear,146985,196100,-49115
Other disorders following mastoidectomy,215000,263600,-48600
Achondroplasia,147684,196100,-48416
Birth injury to scalp,147787,196100,-48313
Ulcerative (chronic) rectosigmoiditis,149762,196100,-46338
Other specified conditions of integument specific to fetus and newborn,152687,198700,-46013
"Rapidly progressive nephritic syndrome, diffuse endocapillary proliferative glomerulonephritis",150797,196100,-45303
Miliaria profunda,150837,196100,-45263
Injury of colon,150991,196100,-45109
Primary genital syphilis,153480,196100,-42620
Traumatic rupture of ligament of finger at metacarpophalangeal and interphalangeal joint(s),153613,196100,-42487
"Benign neoplasm of central nervous system, unspecified",155000,196100,-41100
Disorders of visual cortex,155000,196100,-41100
"Myeloid leukaemia, unspecified",155000,196100,-41100
Unspecified injury of neck,139351,179700,-40349
Attention to surgical dressings and sutures,155855,196100,-40245
Pica of infancy and childhood,159288,196100,-36812
"Malignant neoplasm of skin of eyelid, including canthus",160000,196100,-36100
"Deficiency of nutrient element, unspecified",160242,196100,-35858
Sleep apnoea,160788,196100,-35312
Abnormal involuntary movements,161308,196100,-34792
Amoebic lung abscess (J99.8*),162525,196100,-33575
"Fracture of lower end of femur, closed",162601,196100,-33499
Pyothorax,165057,196100,-31043
Pulmonary mucormycosis,167102,196100,-28998
Insect bite of wrist and hand,167123,196100,-28977
Gingival enlargement,169826,198700,-28874
Erythema infectiosum [fifth disease],168709,196100,-27391
"Low back pain, multiple sites",168864,196100,-27236
Other and unspecified skin changes,170788,196100,-25312
Anorexia nervosa,170819,196100,-25281
"Other specified diabetes mellitus, with ophthalmic complications",420004,444300,-24296
Other apnoea of newborn,172068,196100,-24032
Corneal pigmentations and deposits,176616,196100,-19484
"Cerebral infarction due to cerebral venous thrombosis, nonpyogenic",176974,196100,-19126
Disorders of accommodation,177016,196100,-19084
Microphthalmos,177500,196100,-18600
"Ankylosing spondylitis, site unspecified",120000,134300,-14300
Injury of femoral vein at hip and thigh level,120000,134300,-14300
"Neuralgia and neuritis, unspecified, hand",120000,134300,-14300
Panniculitis affecting regions of neck and back,120000,134300,-14300
"Congenital syphilis, unspecified",181880,196100,-14220
Trigeminal neuralgia,5842364,5855700,-13336
Congenital single renal cyst,182951,196100,-13149
"Dislocation, sprain and strain of joints and ligaments of knee",183848,196100,-12252
Secondary parkinsonism due to other external agents,184486,196100,-11614
Disorders of gallbladder and biliary tract in diseases classified elsewhere,185051,196100,-11049
Other keratitis,186497,196100,-9603
"Arthritis, unspecified, multiple sites",125000,134300,-9300
"Arthrosis, unspecified, shoulder region",125000,134300,-9300
Injury of muscle and tendon of other parts of biceps,125000,134300,-9300
"Other dorsalgia, lumbosacral region",125000,134300,-9300
Polyarthrosis,125000,134300,-9300
"Rheumatoid arthritis, unspecified, forearm",125000,134300,-9300
"Sprain and strain of wrist, part unspecified",125000,134300,-9300
"Unspecified scoliosis, thoracolumbar region",125000,134300,-9300
Rectal abscess,187975,196100,-8125
Granuloma annulare,190000,196100,-6100
Other specified injuries of head,191494,196100,-4606
Congenital stenosis and stricture of lacrimal duct,191497,196100,-4603
Other specified inflammation of eyelid,193142,196100,-2958
Abnormality of albumin,0,0,0
"Achondrogenesis, unspecified",0,0,0
Allergic rhinitis due to pollen,0,0,0
Amoebic liver abscess,0,0,0
"Ankylosis of joint, lower leg",0,0,0
Anorectal fistula,0,0,0
"Benign neoplasm of brain , supratentorial",0,0,0
"Calcaneal spur, multiple sites",0,0,0
Calculus of prostate,0,0,0
"Caught, crushed, jammed or pinched in or between objects",0,0,0
"Cerebrovascular disease, unspecified",0,0,0
"Contusion of lower limb, level unspecified",0,0,0
"Dysplasia of cervix uteri, unspecified",0,0,0
Foreign body in mouth,0,0,0
Fracture of coccyx,0,0,0
Fracture of unspecified body region,0,0,0
Gonococcal infection of musculoskeletal system,0,0,0
"Influenza, virus not identified",0,0,0
Intermediate hyperglycaemia with neurological complication,0,0,0
Intracerebral haemorrhage in cerebellum,0,0,0
Ischaemic infarction of muscle,0,0,0
"Juvenile rheumatoid arthritis, lower leg",0,0,0
Lymphangitis,0,0,0
"Malignant neoplasm of connective and soft tissue of upper limb, including shoulder",0,0,0
Malignant neoplasm of other and unspecified major salivary glands,0,0,0
"Myopathy, unspecified",0,0,0
Neonatal diabetes mellitus,0,0,0
Neoplasm of uncertain or unknown behaviour of adrenal gland,0,0,0
Other childhood disorders of social functioning,0,0,0
Other infestations,0,0,0
Other myopathies,0,0,0
"Other respiratory tuberculosis, confirmed bacteriologically and histologically",0,0,0
Other specified inflammation of vagina and vulva,0,0,0
Other urticaria,0,0,0
"Post-traumatic hydrocephalus, unspecified",0,0,0
"Residual foreign body in soft tissue, ankle and foot",0,0,0
"Secondary and unspecified malignant neoplasm of lymph nodes of head, face and neck",0,0,0
Superficial injury of thorax,0,0,0
Tinea manuum,0,0,0
"Trisomy 21, meiotic nondisjunction",0,0,0
"Unspecified deforming dorsopathy, cervical region",0,0,0
Vulvar cyst,0,0,0
Supervision of normal first pregnancy,6106669,6103200,3469
Neurofibromatosis (nonmalignant),200000,196100,3900
"Rapidly progressive nephritic syndrome, other",201245,196100,5145
Portal hypertension,202745,196100,6645
Gonococcal infection,203217,196100,7117
Type 1 diabetes mellitus with other specified renal complication,6162813,6146000,16813
"Acute nephritic syndrome, diffuse crescentic glomerulonephritis",214762,196100,18662
Other inflammation of eyelid,224227,198700,25527
"Lymphangioma, any site",233522,201000,32522
"Strabismus, unspecified",229480,196100,33380
"Disorder of lipoprotein metabolism, unspecified",230155,196100,34055
Progressive external ophthalmoplegia,230588,196100,34488
"Malignant neoplasm of connective and soft tissue of head, face and neck",235734,201000,34734
Measles with other complications,1974192,1939100,35092
Hereditary choroidal dystrophy,284036,245600,38436
Injury of flexor muscle and tendon of other finger at wrist and hand level,253236,201000,52236
"Crohn's disease, unspecified",226119,164100,62019
Deformity of orbit,313390,245600,67790
"Residual foreign body in soft tissue, multiple sites",275000,196100,78900
Other chorioretinal disorders in diseases classified elsewhere,329680,245600,84080
Intraductal carcinoma in situ of breast,285000,196100,88900
"Cervical disc disorder, unspecified",672610,578700,93910
"Follicular non-hodgkin's lymphoma, unspecified",301286,196100,105186
"Internal derangement of knee, unspecified",303663,196100,107563
Stuttering [stammering],110000,0,110000
Contusion of toe(s) with damage to nail,315808,196100,119708
Fracture of symphysis of body,326371,196100,130271
Other interstitial pulmonary diseases with fibrosis,328784,196100,132684
Thoracic spina bifida with hydrocephalus,329000,196100,132900
Central retinal artery occlusion,330151,196100,134051
Hypertrophy of (infrapatellar) fat pad,330720,196100,134620
Foreign body in respiratory tract,334076,198700,135376
"Malunion of fracture, pelvic region and thigh",348920,196100,152820
Fused toes,349602,196100,153502
TRICHINELLOSIS,355003,196100,158903
Symptoms and signs involving emotional state,5669299,5484100,185199
"Muscle strain, pelvic region and thigh",391952,198700,193252
Dermatitis due to unspecified substance taken internally,4885293,4669800,215493
"Syndactyly, unspecified",415000,196100,218900
Other and unspecified abnormalities of heart beat,498125,272600,225525
Olecranon bursitis,449852,196100,253752
Other disorders of lacrimal system,475879,196100,279779
"Contact with venomous snakes and lizards, Home",4338604,4008400,330204
Urethral abscess,7224470,6894200,330270
Incomplete and partial hydatidiform mole,2923290,2574600,348690
Fetus and newborn affected by surgical procedure on mother,5623453,5238800,384653
Necrotizing fasciitis,5051286,4621000,430286
"Tuberculosis of spine, lumbar region (A18.0+)",628744,196100,432644
Organic anxiety disorder,2530480,2097400,433080
Toxic effect of contact with venomous animals,2674950,2234600,440350
Other specified orthopaedic follow-up care,861173,382000,479173
"Benign neoplasm of pharynx, unspecified",3248616,2738300,510316
Other depressive episodes,2426406,1914500,511906
Compression of brain,3104530,2580000,524530
Labour and delivery complicated by fetal stress [distress],6628224,6103200,525024
"Cardiovascular disease, unspecified",2957393,2426400,530993
Type 2 diabetes mellitus with multiple microvascular complications,5153748,4621000,532748
Prolapsed urethral mucosa,6677432,6103200,574232
"Manic episode, unspecified",788628,196100,592528
"Other congenital anaemias, not elsewhere classified",4228573,3606600,621973
Erythema multiforme,2387091,1756100,630991
Maternal hypotension syndrome,3036388,2404900,631488
Maternal care for other abnormalities of gravid uterus,7308264,6653700,654564
Open wound of penis,4689577,4008400,681177
Benign neoplasm of extrahepatic bile ducts,4737813,4008400,729413
"Other maternal diseases classifiable elsewhere but complicating pregnancy, childbirth and the puerperium",6847013,6103200,743813
"Venous complication in pregnancy, unspecified",6847013,6103200,743813
"Human immunodeficiency [HIV] disease complicating pregnancy, childbirth and the puerperium",6911346,6103200,808146
Malignant neoplasm of nipple and areola,2644971,1728700,916271
Paratyphoid fever C,5256678,4337000,919678
Acute tonsillitis due to other specified organisms,4878643,3848600,1030043
Traumatic amputation of unspecified part of head,5668882,4580200,1088682
Suppurative and unspecified otitis media,3099417,1980300,1119117
Duration of pregnancy 34-<37 completed weeks,3336281,2173900,1162381
Abnormal posture,3976064,2738300,1237764
UNSPEC.DISOR.OF PSYCHOLO.DEVE.,3976064,2738300,1237764
Maternal care for (suspected) central nervous system malformation in fetus,3532819,2173900,1358919
"Pyogenic arthritis, unspecified, lower leg",4706724,3333100,1373624
Embolism and thrombosis of unspecified artery,1605724,198700,1407024
Gestational oedema,6689530,5238800,1450730
Injury of unspecified body region,9412953,7888900,1524053
Fracture of tooth,6989514,5307700,1681814
Pedal cyclist injured in collision with pedestrian or animal: Unspecified pedal cyclist injured in traffic accident,5789365,4008400,1780965
Benign neoplasm of rectum,12897406,11076700,1820706
"Disorder of external ear, unspecified",5380564,3483600,1896964
Unspecified abdominal hernia without obstruction or gangrene,6035342,4008400,2026942
Personal history of other medical treatment,4228247,2173900,2054347
Other specified conditions associated with female genital organs and menstrual cycle,4717364,2404900,2312464
Diffuse brain injury,2348518,0,2348518
Other mucopolysaccharidoses,4733967,2290300,2443667
Maternal care for other abnormalities of cervix,5338959,2891300,2447659
Fracture of lumbar spine and pelvis,5025444,2269000,2756444
Pain in throat and chest,7261986,4353500,2908486
"Plasmodium falciparum malaria, unspecified",5952681,2826800,3125881
Other myeloid leukaemia,7460880,4158200,3302680
Delayed and secondary postpartum haemorrhage,3351665,0,3351665
Complete uterovaginal prolapse,8286246,4910800,3375446
Stupor,6760606,3209500,3551106
Other open wounds of ankle and foot,4064503,0,4064503
Leukaemia of unspecified cell type,12469866,8384900,4084966
Haemolytic-uraemic syndrome,7571319,3403800,4167519
Organic hallucinosis,8925002,4512500,4412502
Multiple fractures of metacarpal bones,4413359,0,4413359
"Congenital malformation of brain, unspecified",8612155,3733600,4878555
Toxic effect of unspecified seafood,10090876,3546200,6544676
"Other diseases of the blood and blood-forming organs and certain disorders involving the immune mechanism complicating pregnancy, childbirth and the puerperium",9359549,2169500,7190049